,Residue Number,RMSF,y_error
0,0,5.674975186885567,0.3099221180421544
1,1,4.3164337102947625,0.3099221180421544
2,2,3.7743432633500005,0.3099221180421544
3,3,3.4853493115675724,0.3099221180421544
4,4,3.8180870139848873,0.3099221180421544
5,5,3.1885633767344763,0.3099221180421544
6,6,2.961591467549807,0.3099221180421544
7,7,2.519039904335706,0.3099221180421544
8,8,1.855986504584707,0.3099221180421544
9,9,1.7086112042081976,0.3099221180421544
10,10,1.7008123529236443,0.3099221180421544
11,11,1.8106320720690239,0.3099221180421544
12,12,1.6867515366032086,0.3099221180421544
13,13,1.7400607864718434,0.3099221180421544
14,14,2.1267264851176155,0.3099221180421544
15,15,2.3105488444560094,0.3099221180421544
16,16,1.3721596808241932,0.3099221180421544
17,17,1.669926757639757,0.3099221180421544
18,18,2.033091599921107,0.3099221180421544
19,19,1.541650547867094,0.3099221180421544
20,20,1.5453382936386373,0.3099221180421544
21,21,1.8437848015501095,0.3099221180421544
22,22,1.762451248438967,0.3099221180421544
23,23,1.3741822436430091,0.3099221180421544
24,24,1.4816580265479617,0.3099221180421544
25,25,1.307777591695333,0.3099221180421544
26,26,1.4032348346996653,0.3099221180421544
27,27,1.3654752809648374,0.3099221180421544
28,28,1.4511389650032946,0.3099221180421544
29,29,1.3615689525382066,0.3099221180421544
30,30,1.641086595225439,0.3099221180421544
31,31,1.725849919856819,0.3099221180421544
32,32,1.9923198706001815,0.3099221180421544
33,33,1.8868042582772862,0.3099221180421544
34,34,1.8719319693345098,0.3099221180421544
35,35,1.683692851725586,0.3099221180421544
36,36,1.4650554660012036,0.3099221180421544
37,37,1.2051061057856893,0.3099221180421544
