Residue Number,Residue Number,RMSF,y_error
0,0,3.275122208260515,0.24250756113084848
1,1,2.5167707808279114,0.24250756113084848
2,2,2.754747198560354,0.24250756113084848
3,3,3.625808570122106,0.24250756113084848
4,4,4.0705763796825,0.24250756113084848
5,5,2.7295087159315794,0.24250756113084848
6,6,2.982741818621287,0.24250756113084848
7,7,3.445604719653509,0.24250756113084848
8,8,3.904512916542844,0.24250756113084848
9,9,3.883224558723583,0.24250756113084848
10,10,5.383957919288304,0.24250756113084848
11,11,4.958258510984865,0.24250756113084848
12,12,4.221238161537378,0.24250756113084848
13,13,3.740345969418482,0.24250756113084848
14,14,4.448757078953506,0.24250756113084848
15,15,4.833255983237684,0.24250756113084848
16,16,4.657325063281537,0.24250756113084848
17,17,4.686560155315009,0.24250756113084848
18,18,5.07386659968193,0.24250756113084848
19,19,4.689734429964356,0.24250756113084848
20,20,2.9045441090200015,0.24250756113084848
21,21,2.83776225327038,0.24250756113084848
22,22,2.742924246953343,0.24250756113084848
23,23,3.2251055258388877,0.24250756113084848
24,24,3.0350563350808373,0.24250756113084848
25,25,2.8006041084179123,0.24250756113084848
26,26,3.403832593383522,0.24250756113084848
27,27,3.6863660375506018,0.24250756113084848
28,28,4.585751562765068,0.24250756113084848
29,29,4.589238871748716,0.24250756113084848
30,30,4.837142769099854,0.24250756113084848
31,31,4.6074791836826,0.24250756113084848
32,32,3.4307050195253157,0.24250756113084848
33,33,2.271274176477473,0.24250756113084848
34,34,2.166529456335644,0.24250756113084848
35,35,2.7239222586280265,0.24250756113084848
36,36,2.8000297209302225,0.24250756113084848
37,37,2.2445251229226497,0.24250756113084848
